title1,description1,https://marketingondemand.files.wordpress.com/2010/01/newspaper1.jpg,false
title2,description2,https://marketingondemand.files.wordpress.com/2010/01/newspaper1.jpg,false
title3,description3,https://marketingondemand.files.wordpress.com/2010/01/newspaper1.jpg,false
title4,description4,https://marketingondemand.files.wordpress.com/2010/01/newspaper1.jpg,false
title5,description5,https://marketingondemand.files.wordpress.com/2010/01/newspaper1.jpg,false
title6,description6,https://marketingondemand.files.wordpress.com/2010/01/newspaper1.jpg,false
title7,description7,https://marketingondemand.files.wordpress.com/2010/01/newspaper1.jpg,false
title8,description8,https://marketingondemand.files.wordpress.com/2010/01/newspaper1.jpg,false
title9,description9,https://marketingondemand.files.wordpress.com/2010/01/newspaper1.jpg,false
title10,description10,https://marketingondemand.files.wordpress.com/2010/01/newspaper1.jpg,false

